url,ip,timestamp
http://thisways.do.am,1.1.1.1,2025-11-18T07:50:23.122693
http://thisways.do.am,45.88.172.132,2025-11-18T07:50:23.122693
http://forfriends.do.am,1.1.1.1,2025-11-18T07:50:27.390106
http://forfriends.do.am,195.216.243.40,2025-11-18T07:50:27.390106
http://calmstars.do.am,1.1.1.1,2025-11-18T07:50:27.917932
http://calmstars.do.am,45.88.172.132,2025-11-18T07:50:27.917932
http://nudialist.com,1.1.1.1,2025-11-18T07:50:31.088575
http://nudialist.com,172.233.219.78,2025-11-18T07:50:31.088575
http://nudialist.com,172.237.146.38,2025-11-18T07:50:31.088575
http://nudialist.com,172.237.146.25,2025-11-18T07:50:31.088575
http://nudialist.com,172.233.219.123,2025-11-18T07:50:31.088575
http://nudialist.com,172.233.219.49,2025-11-18T07:50:31.088575
http://nudialist.com,172.237.146.8,2025-11-18T07:50:31.088575
http://i61.fastpic.ru,1.1.1.1,2025-11-18T07:50:34.182064
http://i61.fastpic.ru,51.38.34.36,2025-11-18T07:50:34.182064
http://t6.imgchili.net,1.1.1.1,2025-11-18T07:50:34.805986
http://t6.imgchili.net,172.234.17.201,2025-11-18T07:50:34.805986
http://t6.imgchili.net,172.234.17.135,2025-11-18T07:50:34.805986
http://t6.imgchili.net,172.234.17.55,2025-11-18T07:50:34.805986
http://a2.xlteentube.com,1.1.1.1,2025-11-18T07:50:35.192274
http://a2.xlteentube.com,15.197.212.58,2025-11-18T07:50:35.192274
http://cdn2.its2.net,1.1.1.1,2025-11-18T07:50:35.548498
http://cdn2.its2.net,0.0.0.0,2025-11-18T07:50:35.548498
http://picsforyou.do.am,1.1.1.1,2025-11-18T07:50:36.616151
http://picsforyou.do.am,45.88.172.132,2025-11-18T07:50:36.616151
http://cutesweeties.xyz,1.1.1.1,2025-11-18T07:50:46.872724
http://cutesweeties.xyz,103.224.182.212,2025-11-18T07:50:46.872724
http://goodtalens.com,1.1.1.1,2025-11-18T07:50:47.375512
http://goodtalens.com,172.237.146.25,2025-11-18T07:50:47.375512
http://goodtalens.com,172.237.146.38,2025-11-18T07:50:47.375512
http://goodtalens.com,172.233.219.123,2025-11-18T07:50:47.375512
http://goodtalens.com,172.233.219.49,2025-11-18T07:50:47.375512
http://goodtalens.com,172.233.219.78,2025-11-18T07:50:47.375512
http://goodtalens.com,172.237.146.8,2025-11-18T07:50:47.375512
http://bbb.yagde.ru,1.1.1.1,2025-11-18T07:50:47.962013
http://bbb.yagde.ru,185.32.57.121,2025-11-18T07:50:47.962013
http://gaypornix.com,1.1.1.1,2025-11-18T07:50:49.314821
http://gaypornix.com,104.21.68.25,2025-11-18T07:50:49.314821
http://gaypornix.com,172.67.185.119,2025-11-18T07:50:49.314821
http://solidfiles.com,1.1.1.1,2025-11-18T07:50:49.807833
http://solidfiles.com,178.79.150.174,2025-11-18T07:50:49.807833
http://img24.cz,1.1.1.1,2025-11-18T07:50:51.762855
http://img24.cz,80.79.27.168,2025-11-18T07:50:51.762855
http://teenangels.click,1.1.1.1,2025-11-18T07:50:55.791594
http://teenangels.click,54.215.31.113,2025-11-18T07:50:55.791594
http://lolasonly.com,1.1.1.1,2025-11-18T07:50:56.295648
http://lolasonly.com,143.202.155.134,2025-11-18T07:50:56.295648
http://sweetpea.pw,1.1.1.1,2025-11-18T07:50:56.367767
http://supernnpic.com,1.1.1.1,2025-11-18T07:50:57.003778
http://supernnpic.com,172.233.219.123,2025-11-18T07:50:57.003778
http://supernnpic.com,172.237.146.38,2025-11-18T07:50:57.003778
http://supernnpic.com,172.233.219.49,2025-11-18T07:50:57.003778
http://supernnpic.com,172.237.146.25,2025-11-18T07:50:57.003778
http://supernnpic.com,172.233.219.78,2025-11-18T07:50:57.003778
http://supernnpic.com,172.237.146.8,2025-11-18T07:50:57.003778
http://nn-show-pics.com,1.1.1.1,2025-11-18T07:50:57.659982
http://nn-show-pics.com,104.247.81.99,2025-11-18T07:50:57.659982
http://amourart.net,1.1.1.1,2025-11-18T07:50:57.873137
http://amourart.net,172.237.146.8,2025-11-18T07:50:57.873137
http://amourart.net,172.233.219.78,2025-11-18T07:50:57.873137
http://amourart.net,172.237.146.38,2025-11-18T07:50:57.873137
http://amourart.net,172.237.146.25,2025-11-18T07:50:57.873137
http://amourart.net,172.233.219.123,2025-11-18T07:50:57.873137
http://amourart.net,172.233.219.49,2025-11-18T07:50:57.873137
http://yournnpic.com,1.1.1.1,2025-11-18T07:50:58.067002
http://yournnpic.com,104.247.81.99,2025-11-18T07:50:58.067002
http://nn-lo-la.com,1.1.1.1,2025-11-18T07:50:58.401816
http://nn-lo-la.com,104.247.81.99,2025-11-18T07:50:58.401816
http://nnmodelblog.com,1.1.1.1,2025-11-18T07:50:58.663913
http://nnmodelblog.com,172.237.146.8,2025-11-18T07:50:58.663913
http://nnmodelblog.com,172.233.219.49,2025-11-18T07:50:58.663913
http://nnmodelblog.com,172.237.146.25,2025-11-18T07:50:58.663913
http://nnmodelblog.com,172.237.146.38,2025-11-18T07:50:58.663913
http://nnmodelblog.com,172.233.219.123,2025-11-18T07:50:58.663913
http://nnmodelblog.com,172.233.219.78,2025-11-18T07:50:58.663913
http://jokerstudio.space,1.1.1.1,2025-11-18T07:50:59.001752
http://jokerstudio.space,103.224.182.242,2025-11-18T07:50:59.001752
http://prelo-nn.com,1.1.1.1,2025-11-18T07:50:59.440669
http://prelo-nn.com,192.157.56.139,2025-11-18T07:50:59.440669
http://green.newnnmodels.com,1.1.1.1,2025-11-18T07:51:00.148641
http://green.newnnmodels.com,103.224.182.247,2025-11-18T07:51:00.148641
http://cute.nonude-place.com,1.1.1.1,2025-11-18T07:51:00.974081
http://cute.nonude-place.com,159.69.42.212,2025-11-18T07:51:00.974081
http://cute.nonude-place.com,95.216.161.60,2025-11-18T07:51:00.974081
http://cute.nonude-place.com,159.69.83.207,2025-11-18T07:51:00.974081
http://cute.nonude-place.com,159.69.186.9,2025-11-18T07:51:00.974081
http://russianmodels.top,1.1.1.1,2025-11-18T07:51:01.384436
http://russianmodels.top,199.59.243.228,2025-11-18T07:51:01.384436
http://new.nonude-place.com,1.1.1.1,2025-11-18T07:51:01.972903
http://new.nonude-place.com,159.69.42.212,2025-11-18T07:51:01.972903
http://new.nonude-place.com,159.69.186.9,2025-11-18T07:51:01.972903
http://new.nonude-place.com,159.69.83.207,2025-11-18T07:51:01.972903
http://new.nonude-place.com,95.216.161.60,2025-11-18T07:51:01.972903
http://artnonude.com,1.1.1.1,2025-11-18T07:51:02.342479
http://artnonude.com,172.233.219.78,2025-11-18T07:51:02.342479
http://artnonude.com,172.233.219.123,2025-11-18T07:51:02.342479
http://artnonude.com,172.233.219.49,2025-11-18T07:51:02.342479
http://artnonude.com,172.237.146.25,2025-11-18T07:51:02.342479
http://artnonude.com,172.237.146.8,2025-11-18T07:51:02.342479
http://artnonude.com,172.237.146.38,2025-11-18T07:51:02.342479
http://eee.yagde.ru,1.1.1.1,2025-11-18T07:51:02.794343
http://eee.yagde.ru,185.32.57.121,2025-11-18T07:51:02.794343
http://fff.yagde.ru,1.1.1.1,2025-11-18T07:51:03.357215
http://fff.yagde.ru,185.32.57.121,2025-11-18T07:51:03.357215
http://firststep.space,1.1.1.1,2025-11-18T07:51:03.706222
http://firststep.space,75.2.33.216,2025-11-18T07:51:03.706222
http://matoto.pw,1.1.1.1,2025-11-18T07:51:04.057611
http://nn-pics.click,1.1.1.1,2025-11-18T07:51:05.198332
http://nn-pics.click,103.224.212.213,2025-11-18T07:51:05.198332
http://sitesallngirls.xyz,1.1.1.1,2025-11-18T07:51:06.369381
http://sitesallngirls.xyz,13.248.169.48,2025-11-18T07:51:06.369381
http://sitesallngirls.xyz,76.223.54.146,2025-11-18T07:51:06.369381
http://cdn1.its2.net,1.1.1.1,2025-11-18T07:51:06.952020
http://cdn1.its2.net,0.0.0.0,2025-11-18T07:51:06.952020
http://newxteen.com,1.1.1.1,2025-11-18T07:51:08.151014
http://newxteen.com,103.224.212.213,2025-11-18T07:51:08.151014
http://dream-video.net,1.1.1.1,2025-11-18T07:51:08.341461
http://dream-video.net,104.247.81.99,2025-11-18T07:51:08.341461
http://free-webcam.ru,1.1.1.1,2025-11-18T07:51:08.420026
http://landgalls.xyz,1.1.1.1,2025-11-18T07:51:08.881470
http://landgalls.xyz,76.223.54.146,2025-11-18T07:51:08.881470
http://landgalls.xyz,13.248.169.48,2025-11-18T07:51:08.881470
http://armchair.at.ua.,1.1.1.1,2025-11-18T07:51:09.889595
http://armchair.at.ua.,45.88.172.132,2025-11-18T07:51:09.889595
http://tinyteens.xyz,1.1.1.1,2025-11-18T07:51:10.394991
http://tinyteens.xyz,172.241.213.98,2025-11-18T07:51:10.394991
http://bestlolis.xyz,1.1.1.1,2025-11-18T07:51:20.588541
http://bestlolis.xyz,103.224.182.212,2025-11-18T07:51:20.588541
http://xcuteme.moy.su,1.1.1.1,2025-11-18T07:51:21.438895
http://xcuteme.moy.su,45.88.172.132,2025-11-18T07:51:21.438895
http://acemodeling.com,1.1.1.1,2025-11-18T07:51:21.701881
http://acemodeling.com,104.21.91.244,2025-11-18T07:51:21.701881
http://acemodeling.com,172.67.182.43,2025-11-18T07:51:21.701881
http://majus.xyz,1.1.1.1,2025-11-18T07:51:22.250352
http://majus.xyz,213.166.71.4,2025-11-18T07:51:22.250352
http://little-cutie.org,1.1.1.1,2025-11-18T07:51:22.631255
http://little-cutie.org,172.237.146.8,2025-11-18T07:51:22.631255
http://little-cutie.org,172.233.219.78,2025-11-18T07:51:22.631255
http://little-cutie.org,172.237.146.38,2025-11-18T07:51:22.631255
http://little-cutie.org,172.237.146.25,2025-11-18T07:51:22.631255
http://little-cutie.org,172.233.219.49,2025-11-18T07:51:22.631255
http://little-cutie.org,172.233.219.123,2025-11-18T07:51:22.631255
http://top.top-dolls.net,1.1.1.1,2025-11-18T07:51:22.974493
http://top.top-dolls.net,172.237.146.25,2025-11-18T07:51:22.974493
http://top.top-dolls.net,172.233.219.49,2025-11-18T07:51:22.974493
http://top.top-dolls.net,172.237.146.8,2025-11-18T07:51:22.974493
http://top.top-dolls.net,172.233.219.78,2025-11-18T07:51:22.974493
http://top.top-dolls.net,172.237.146.38,2025-11-18T07:51:22.974493
http://top.top-dolls.net,172.233.219.123,2025-11-18T07:51:22.974493
http://xcuteme.moy.su/,1.1.1.1,2025-11-18T07:51:23.502601
http://xcuteme.moy.su/,45.88.172.132,2025-11-18T07:51:23.502601
http://armchair.at.ua,1.1.1.1,2025-11-18T07:51:25.110809
http://armchair.at.ua,45.88.172.132,2025-11-18T07:51:25.110809
http://gofap.net,1.1.1.1,2025-11-18T07:51:25.585332
http://gofap.net,104.247.81.99,2025-11-18T07:51:25.585332
http://xxxgaga.com,1.1.1.1,2025-11-18T07:51:26.112643
http://xxxgaga.com,74.206.228.78,2025-11-18T07:51:26.112643
http://xxxgaga.com,173.239.8.164,2025-11-18T07:51:26.112643
http://xxxgaga.com,173.239.5.6,2025-11-18T07:51:26.112643
http://little-girls.xyz,1.1.1.1,2025-11-18T07:51:27.077042
http://little-girls.xyz,13.248.169.48,2025-11-18T07:51:27.077042
http://little-girls.xyz,76.223.54.146,2025-11-18T07:51:27.077042
http://free.xdcuties.com,1.1.1.1,2025-11-18T07:51:27.575412
http://free.xdcuties.com,172.233.219.78,2025-11-18T07:51:27.575412
http://free.xdcuties.com,172.237.146.8,2025-11-18T07:51:27.575412
http://free.xdcuties.com,172.237.146.25,2025-11-18T07:51:27.575412
http://free.xdcuties.com,172.237.146.38,2025-11-18T07:51:27.575412
http://free.xdcuties.com,172.233.219.123,2025-11-18T07:51:27.575412
http://free.xdcuties.com,172.233.219.49,2025-11-18T07:51:27.575412
http://inteengirls.com,1.1.1.1,2025-11-18T07:51:27.948426
http://inteengirls.com,103.224.182.251,2025-11-18T07:51:27.948426
http://defiantteen.top,1.1.1.1,2025-11-18T07:51:28.344107
http://defiantteen.top,199.59.243.228,2025-11-18T07:51:28.344107
http://t3.imgchili.net,1.1.1.1,2025-11-18T07:51:28.986504
http://t3.imgchili.net,172.234.17.55,2025-11-18T07:51:28.986504
http://t3.imgchili.net,172.234.17.201,2025-11-18T07:51:28.986504
http://t3.imgchili.net,172.234.17.135,2025-11-18T07:51:28.986504
http://r03.imgrock.net,1.1.1.1,2025-11-18T07:51:29.376455
http://r03.imgrock.net,192.157.56.142,2025-11-18T07:51:29.376455
http://t10.imgchili.net,1.1.1.1,2025-11-18T07:51:29.713621
http://t10.imgchili.net,172.234.17.201,2025-11-18T07:51:29.713621
http://t10.imgchili.net,172.234.17.135,2025-11-18T07:51:29.713621
http://t10.imgchili.net,172.234.17.55,2025-11-18T07:51:29.713621
http://t8.imgchili.net,1.1.1.1,2025-11-18T07:51:30.048012
http://t8.imgchili.net,172.234.17.135,2025-11-18T07:51:30.048012
http://t8.imgchili.net,172.234.17.201,2025-11-18T07:51:30.048012
http://t8.imgchili.net,172.234.17.55,2025-11-18T07:51:30.048012
http://top.modlinks.com,1.1.1.1,2025-11-18T07:51:30.113198
http://nn-magazine.com,1.1.1.1,2025-11-18T07:51:31.765487
http://nn-magazine.com,74.63.219.254,2025-11-18T07:51:31.765487
http://flash-top.net,1.1.1.1,2025-11-18T07:51:32.116189
http://flash-top.net,192.157.56.142,2025-11-18T07:51:32.116189
http://nn-top.com,1.1.1.1,2025-11-18T07:51:32.564851
http://nn-top.com,104.247.81.99,2025-11-18T07:51:32.564851
http://free.top-dolls.net,1.1.1.1,2025-11-18T07:51:33.135522
http://free.top-dolls.net,172.237.146.38,2025-11-18T07:51:33.135522
http://free.top-dolls.net,172.237.146.8,2025-11-18T07:51:33.135522
http://free.top-dolls.net,172.233.219.49,2025-11-18T07:51:33.135522
http://free.top-dolls.net,172.233.219.123,2025-11-18T07:51:33.135522
http://free.top-dolls.net,172.237.146.25,2025-11-18T07:51:33.135522
http://free.top-dolls.net,172.233.219.78,2025-11-18T07:51:33.135522
http://no-nude.bz.,1.1.1.1,2025-11-18T07:51:33.639970
http://no-nude.bz.,172.241.213.96,2025-11-18T07:51:33.639970
http://dolce-forum.info,1.1.1.1,2025-11-18T07:51:35.868831
http://dolce-forum.info,208.115.249.236,2025-11-18T07:51:35.868831
http://no-nude.bz,1.1.1.1,2025-11-18T07:51:36.288663
http://no-nude.bz,216.245.214.81,2025-11-18T07:51:36.288663
http://fineteenimages.com,1.1.1.1,2025-11-18T07:51:37.849612
http://fineteenimages.com,185.107.56.57,2025-11-18T07:51:37.849612
http://wonteens.com,1.1.1.1,2025-11-18T07:51:38.158324
http://wonteens.com,94.130.162.120,2025-11-18T07:51:38.158324
http://issue2.show-star.biz,1.1.1.1,2025-11-18T07:51:38.430604
http://issue2.show-star.biz,104.247.81.99,2025-11-18T07:51:38.430604
http://video1.show-star.biz,1.1.1.1,2025-11-18T07:51:38.609933
http://video1.show-star.biz,104.247.81.99,2025-11-18T07:51:38.609933
http://freennpic.com,1.1.1.1,2025-11-18T07:51:39.124054
http://freennpic.com,104.247.81.99,2025-11-18T07:51:39.124054
http://teenclub.co,1.1.1.1,2025-11-18T07:51:40.163086
http://teenclub.co,103.224.212.213,2025-11-18T07:51:40.163086
http://soluna.pw,1.1.1.1,2025-11-18T07:51:40.393707
http://oleever.pw,1.1.1.1,2025-11-18T07:51:40.547170
http://webcam-video.ru,1.1.1.1,2025-11-18T07:51:40.606734
http://leehany.com,1.1.1.1,2025-11-18T07:51:42.045360
http://leehany.com,198.49.23.145,2025-11-18T07:51:42.045360
http://portal.nonude-place.com,1.1.1.1,2025-11-18T07:51:43.025985
http://portal.nonude-place.com,159.69.83.207,2025-11-18T07:51:43.025985
http://portal.nonude-place.com,159.69.42.212,2025-11-18T07:51:43.025985
http://portal.nonude-place.com,95.216.161.60,2025-11-18T07:51:43.025985
http://portal.nonude-place.com,159.69.186.9,2025-11-18T07:51:43.025985
http://glenda.holymodels.club,1.1.1.1,2025-11-18T07:51:43.936222
http://glenda.holymodels.club,159.69.42.212,2025-11-18T07:51:43.936222
http://glenda.holymodels.club,95.216.161.60,2025-11-18T07:51:43.936222
http://glenda.holymodels.club,159.69.186.9,2025-11-18T07:51:43.936222
http://glenda.holymodels.club,159.69.83.207,2025-11-18T07:51:43.936222
http://kamilla.holymodels.club,1.1.1.1,2025-11-18T07:51:44.658617
http://kamilla.holymodels.club,159.69.83.207,2025-11-18T07:51:44.658617
http://kamilla.holymodels.club,159.69.186.9,2025-11-18T07:51:44.658617
http://kamilla.holymodels.club,159.69.42.212,2025-11-18T07:51:44.658617
http://kamilla.holymodels.club,95.216.161.60,2025-11-18T07:51:44.658617
http://lia.holymodels.club,1.1.1.1,2025-11-18T07:51:45.377184
http://lia.holymodels.club,159.69.42.212,2025-11-18T07:51:45.377184
http://lia.holymodels.club,159.69.83.207,2025-11-18T07:51:45.377184
http://lia.holymodels.club,95.216.161.60,2025-11-18T07:51:45.377184
http://lia.holymodels.club,159.69.186.9,2025-11-18T07:51:45.377184
http://girls4.holymodels.club,1.1.1.1,2025-11-18T07:51:46.101463
http://girls4.holymodels.club,95.216.161.60,2025-11-18T07:51:46.101463
http://girls4.holymodels.club,159.69.83.207,2025-11-18T07:51:46.101463
http://girls4.holymodels.club,159.69.186.9,2025-11-18T07:51:46.101463
http://girls4.holymodels.club,159.69.42.212,2025-11-18T07:51:46.101463
http://girls5.holymodels.club,1.1.1.1,2025-11-18T07:51:46.813431
http://girls5.holymodels.club,159.69.42.212,2025-11-18T07:51:46.813431
http://girls5.holymodels.club,159.69.186.9,2025-11-18T07:51:46.813431
http://girls5.holymodels.club,95.216.161.60,2025-11-18T07:51:46.813431
http://girls5.holymodels.club,159.69.83.207,2025-11-18T07:51:46.813431
http://julia.holymodels.club,1.1.1.1,2025-11-18T07:51:47.345290
http://julia.holymodels.club,159.69.42.212,2025-11-18T07:51:47.345290
http://julia.holymodels.club,159.69.83.207,2025-11-18T07:51:47.345290
http://julia.holymodels.club,159.69.186.9,2025-11-18T07:51:47.345290
http://julia.holymodels.club,95.216.161.60,2025-11-18T07:51:47.345290
http://kittens.nonude-place.com,1.1.1.1,2025-11-18T07:51:47.901817
http://kittens.nonude-place.com,159.69.186.9,2025-11-18T07:51:47.901817
http://kittens.nonude-place.com,159.69.42.212,2025-11-18T07:51:47.901817
http://kittens.nonude-place.com,95.216.161.60,2025-11-18T07:51:47.901817
http://kittens.nonude-place.com,159.69.83.207,2025-11-18T07:51:47.901817
http://olala.fun,1.1.1.1,2025-11-18T07:51:49.083733
http://olala.fun,103.224.182.250,2025-11-18T07:51:49.083733
http://teendolls.online,1.1.1.1,2025-11-18T07:51:50.163158
http://teendolls.online,103.224.212.212,2025-11-18T07:51:50.163158
http://exclusive-pretens.net,1.1.1.1,2025-11-18T07:51:50.885053
http://exclusive-pretens.net,202.134.241.215,2025-11-18T07:51:50.885053
http://newnnmodels.com,1.1.1.1,2025-11-18T07:51:51.233334
http://newnnmodels.com,103.224.182.247,2025-11-18T07:51:51.233334
http://av.jpg4.xyz,1.1.1.1,2025-11-18T07:51:52.426153
http://av.jpg4.xyz,160.22.16.197,2025-11-18T07:51:52.426153
http://av.mytubes.xyz,1.1.1.1,2025-11-18T07:51:54.967010
http://av.mytubes.xyz,54.215.31.113,2025-11-18T07:51:54.967010
http://nntop.org,1.1.1.1,2025-11-18T07:51:55.345149
http://nntop.org,172.233.219.123,2025-11-18T07:51:55.345149
http://nntop.org,172.237.146.8,2025-11-18T07:51:55.345149
http://nntop.org,172.237.146.25,2025-11-18T07:51:55.345149
http://nntop.org,172.233.219.78,2025-11-18T07:51:55.345149
http://nntop.org,172.237.146.38,2025-11-18T07:51:55.345149
http://nntop.org,172.233.219.49,2025-11-18T07:51:55.345149
http://1000models.net,1.1.1.1,2025-11-18T07:51:55.630461
http://1000models.net,172.233.219.49,2025-11-18T07:51:55.630461
http://1000models.net,172.233.219.78,2025-11-18T07:51:55.630461
http://1000models.net,172.233.219.123,2025-11-18T07:51:55.630461
http://1000models.net,172.237.146.8,2025-11-18T07:51:55.630461
http://1000models.net,172.237.146.25,2025-11-18T07:51:55.630461
http://1000models.net,172.237.146.38,2025-11-18T07:51:55.630461
http://nnclub.net,1.1.1.1,2025-11-18T07:51:55.867591
http://nnclub.net,74.63.219.253,2025-11-18T07:51:55.867591
http://sweetdoll.bz,1.1.1.1,2025-11-18T07:51:56.158951
http://sweetdoll.bz,95.211.136.186,2025-11-18T07:51:56.158951
http://virtualsupermodels.com,1.1.1.1,2025-11-18T07:51:56.783858
http://virtualsupermodels.com,104.247.81.99,2025-11-18T07:51:56.783858
http://star.dolccemods.ru,1.1.1.1,2025-11-18T07:51:57.662592
http://star.dolccemods.ru,103.224.182.253,2025-11-18T07:51:57.662592
http://best.xdcuties.com,1.1.1.1,2025-11-18T07:51:57.987755
http://best.xdcuties.com,172.237.146.8,2025-11-18T07:51:57.987755
http://best.xdcuties.com,172.233.219.78,2025-11-18T07:51:57.987755
http://best.xdcuties.com,172.233.219.123,2025-11-18T07:51:57.987755
http://best.xdcuties.com,172.237.146.38,2025-11-18T07:51:57.987755
http://best.xdcuties.com,172.237.146.25,2025-11-18T07:51:57.987755
http://best.xdcuties.com,172.233.219.49,2025-11-18T07:51:57.987755
http://claire.dolccemods.ru,1.1.1.1,2025-11-18T07:51:58.897090
http://claire.dolccemods.ru,103.224.182.253,2025-11-18T07:51:58.897090
http://nnbook.net,1.1.1.1,2025-11-18T07:51:59.151041
http://nnbook.net,74.63.219.251,2025-11-18T07:51:59.151041
http://nonstop-nn.net,1.1.1.1,2025-11-18T07:51:59.612392
http://nonstop-nn.net,172.233.219.123,2025-11-18T07:51:59.612392
http://nonstop-nn.net,172.233.219.49,2025-11-18T07:51:59.612392
http://nonstop-nn.net,172.237.146.38,2025-11-18T07:51:59.612392
http://nonstop-nn.net,172.237.146.8,2025-11-18T07:51:59.612392
http://nonstop-nn.net,172.237.146.25,2025-11-18T07:51:59.612392
http://nonstop-nn.net,172.233.219.78,2025-11-18T07:51:59.612392
http://usenet-browser.to,1.1.1.1,2025-11-18T07:51:59.885078
http://usenet-browser.to,76.223.54.146,2025-11-18T07:51:59.885078
http://usenet-browser.to,13.248.169.48,2025-11-18T07:51:59.885078
http://nonude-stars.info,8.8.8.8,2025-11-18T07:51:59.930981
http://nonude-stars.info,193.105.134.35,2025-11-18T07:51:59.930981
http://andypioneer.com,1.1.1.1,2025-11-18T07:52:00.334357
http://andypioneer.com,172.237.146.38,2025-11-18T07:52:00.334357
http://andypioneer.com,172.233.219.78,2025-11-18T07:52:00.334357
http://andypioneer.com,172.237.146.8,2025-11-18T07:52:00.334357
http://andypioneer.com,172.237.146.25,2025-11-18T07:52:00.334357
http://andypioneer.com,172.233.219.123,2025-11-18T07:52:00.334357
http://andypioneer.com,172.233.219.49,2025-11-18T07:52:00.334357
http://starsnn.com,1.1.1.1,2025-11-18T07:52:00.605695
http://starsnn.com,185.107.56.59,2025-11-18T07:52:00.605695
http://nnville.net,1.1.1.1,2025-11-18T07:52:00.877591
http://nnville.net,74.63.219.251,2025-11-18T07:52:00.877591
http://imgchili.net,1.1.1.1,2025-11-18T07:52:01.225368
http://imgchili.net,172.234.17.201,2025-11-18T07:52:01.225368
http://imgchili.net,172.234.17.135,2025-11-18T07:52:01.225368
http://imgchili.net,172.234.17.55,2025-11-18T07:52:01.225368
http://firstcandy.clan.su,1.1.1.1,2025-11-18T07:52:04.235295
http://firstcandy.clan.su,45.88.172.132,2025-11-18T07:52:04.235295
http://vavvi.com,1.1.1.1,2025-11-18T07:52:04.685272
http://vavvi.com,54.243.117.197,2025-11-18T07:52:04.685272
http://vavvi.com,13.223.25.84,2025-11-18T07:52:04.685272
http://teen-models.net,1.1.1.1,2025-11-18T07:52:08.613079
http://teen-models.net,192.250.235.185,2025-11-18T07:52:08.613079
http://nudistesex.com,1.1.1.1,2025-11-18T07:52:08.791436
http://nudistesex.com,104.247.81.99,2025-11-18T07:52:08.791436
http://pornocasero.com.co,1.1.1.1,2025-11-18T07:52:09.436577
http://pornocasero.com.co,104.247.81.99,2025-11-18T07:52:09.436577
http://young.nnlopics.com,1.1.1.1,2025-11-18T07:52:09.650075
http://young.nnlopics.com,172.237.146.25,2025-11-18T07:52:09.650075
http://young.nnlopics.com,172.233.219.49,2025-11-18T07:52:09.650075
http://young.nnlopics.com,172.237.146.8,2025-11-18T07:52:09.650075
http://young.nnlopics.com,172.233.219.123,2025-11-18T07:52:09.650075
http://young.nnlopics.com,172.237.146.38,2025-11-18T07:52:09.650075
http://young.nnlopics.com,172.233.219.78,2025-11-18T07:52:09.650075
http://i6.imgchili.net,1.1.1.1,2025-11-18T07:52:10.049369
http://i6.imgchili.net,172.234.17.55,2025-11-18T07:52:10.049369
http://i6.imgchili.net,172.234.17.135,2025-11-18T07:52:10.049369
http://i6.imgchili.net,172.234.17.201,2025-11-18T07:52:10.049369
http://t2.imgchili.net,1.1.1.1,2025-11-18T07:52:10.407730
http://t2.imgchili.net,172.234.17.55,2025-11-18T07:52:10.407730
http://t2.imgchili.net,172.234.17.201,2025-11-18T07:52:10.407730
http://t2.imgchili.net,172.234.17.135,2025-11-18T07:52:10.407730
http://t1.imgchili.net,1.1.1.1,2025-11-18T07:52:10.759435
http://t1.imgchili.net,172.234.17.55,2025-11-18T07:52:10.759435
http://t1.imgchili.net,172.234.17.135,2025-11-18T07:52:10.759435
http://t1.imgchili.net,172.234.17.201,2025-11-18T07:52:10.759435
http://i10.imgchili.net,1.1.1.1,2025-11-18T07:52:11.087509
http://i10.imgchili.net,172.234.17.201,2025-11-18T07:52:11.087509
http://i10.imgchili.net,172.234.17.55,2025-11-18T07:52:11.087509
http://i10.imgchili.net,172.234.17.135,2025-11-18T07:52:11.087509
http://i8.imgchili.net,1.1.1.1,2025-11-18T07:52:11.435474
http://i8.imgchili.net,172.234.17.55,2025-11-18T07:52:11.435474
http://i8.imgchili.net,172.234.17.135,2025-11-18T07:52:11.435474
http://i8.imgchili.net,172.234.17.201,2025-11-18T07:52:11.435474
http://i7.imgchili.net,1.1.1.1,2025-11-18T07:52:11.859003
http://i7.imgchili.net,172.234.17.135,2025-11-18T07:52:11.859003
http://i7.imgchili.net,172.234.17.55,2025-11-18T07:52:11.859003
http://i7.imgchili.net,172.234.17.201,2025-11-18T07:52:11.859003
http://goodtalen.com,1.1.1.1,2025-11-18T07:52:12.393438
http://goodtalen.com,104.247.81.99,2025-11-18T07:52:12.393438
http://purenudism.biz,1.1.1.1,2025-11-18T07:52:12.960353
http://purenudism.biz,104.247.81.99,2025-11-18T07:52:12.960353
http://pixsense.net,1.1.1.1,2025-11-18T07:52:13.385272
http://pixsense.net,188.165.4.35,2025-11-18T07:52:13.385272
http://it4.imgtown.net,1.1.1.1,2025-11-18T07:52:13.450817
http://it1.imgtown.net,1.1.1.1,2025-11-18T07:52:13.499390
http://i73.fastpic.ru,1.1.1.1,2025-11-18T07:52:15.066229
http://i73.fastpic.ru,51.38.34.36,2025-11-18T07:52:15.066229
http://chango.site,1.1.1.1,2025-11-18T07:52:15.440635
http://chango.site,76.223.54.146,2025-11-18T07:52:15.440635
http://chango.site,13.248.169.48,2025-11-18T07:52:15.440635
http://up24.ayame.jp,1.1.1.1,2025-11-18T07:52:16.322058
http://up24.ayame.jp,157.112.187.27,2025-11-18T07:52:16.322058
http://144chan.org,1.1.1.1,2025-11-18T07:52:16.667569
http://144chan.org,172.237.146.38,2025-11-18T07:52:16.667569
http://144chan.org,172.237.146.25,2025-11-18T07:52:16.667569
http://144chan.org,172.233.219.49,2025-11-18T07:52:16.667569
http://144chan.org,172.233.219.123,2025-11-18T07:52:16.667569
http://144chan.org,172.237.146.8,2025-11-18T07:52:16.667569
http://144chan.org,172.233.219.78,2025-11-18T07:52:16.667569
http://img30.imgspice.com,1.1.1.1,2025-11-18T07:52:18.592760
http://img30.imgspice.com,188.244.117.237,2025-11-18T07:52:18.592760
http://thumbnails105.imagebam.com,1.1.1.1,2025-11-18T07:52:19.250683
http://thumbnails105.imagebam.com,212.63.223.227,2025-11-18T07:52:19.250683
http://thumbnails105.imagebam.com,212.63.223.226,2025-11-18T07:52:19.250683
http://thumbnails105.imagebam.com,212.63.223.225,2025-11-18T07:52:19.250683
http://thumbnails114.imagebam.com,1.1.1.1,2025-11-18T07:52:19.875119
http://thumbnails114.imagebam.com,212.63.223.227,2025-11-18T07:52:19.875119
http://thumbnails114.imagebam.com,212.63.223.226,2025-11-18T07:52:19.875119
http://thumbnails114.imagebam.com,212.63.223.225,2025-11-18T07:52:19.875119
http://thumbnails113.imagebam.com,1.1.1.1,2025-11-18T07:52:20.520330
http://thumbnails113.imagebam.com,212.63.223.227,2025-11-18T07:52:20.520330
http://thumbnails113.imagebam.com,212.63.223.226,2025-11-18T07:52:20.520330
http://thumbnails113.imagebam.com,212.63.223.225,2025-11-18T07:52:20.520330
http://akrumstroy.ru,1.1.1.1,2025-11-18T07:52:21.542600
http://akrumstroy.ru,46.8.8.220,2025-11-18T07:52:21.542600
http://akrumstroy.ru,46.8.8.223,2025-11-18T07:52:21.542600
http://akrumstroy.ru,46.8.8.225,2025-11-18T07:52:21.542600
http://akrumstroy.ru,46.8.8.222,2025-11-18T07:52:21.542600
http://akrumstroy.ru,46.8.8.227,2025-11-18T07:52:21.542600
http://akrumstroy.ru,46.8.8.226,2025-11-18T07:52:21.542600
http://akrumstroy.ru,46.8.8.229,2025-11-18T07:52:21.542600
http://akrumstroy.ru,46.8.8.224,2025-11-18T07:52:21.542600
http://akrumstroy.ru,46.8.8.228,2025-11-18T07:52:21.542600
http://free.younglibertines.com,1.1.1.1,2025-11-18T07:52:22.643359
http://free.younglibertines.com,88.208.29.179,2025-11-18T07:52:22.643359
http://free-famous-toons.com,1.1.1.1,2025-11-18T07:52:23.283747
http://free-famous-toons.com,207.226.167.30,2025-11-18T07:52:23.283747
http://free-gays-porn.net,1.1.1.1,2025-11-18T07:52:23.756329
http://free-gays-porn.net,185.213.91.7,2025-11-18T07:52:23.756329
http://freehostedpics.com,1.1.1.1,2025-11-18T07:52:24.529317
http://freehostedpics.com,99.192.142.91,2025-11-18T07:52:24.529317
http://free-incest-stories.ws,1.1.1.1,2025-11-18T07:52:24.743132
http://free-incest-stories.ws,172.237.146.38,2025-11-18T07:52:24.743132
http://free-incest-stories.ws,172.233.219.78,2025-11-18T07:52:24.743132
http://free-incest-stories.ws,172.233.219.49,2025-11-18T07:52:24.743132
http://free-incest-stories.ws,172.237.146.8,2025-11-18T07:52:24.743132
http://free-incest-stories.ws,172.237.146.25,2025-11-18T07:52:24.743132
http://free-incest-stories.ws,172.233.219.123,2025-11-18T07:52:24.743132
http://freeteenxl.com,1.1.1.1,2025-11-18T07:52:25.586241
http://freeteenxl.com,54.84.240.235,2025-11-18T07:52:25.586241
http://freeteenxl.com,44.208.83.180,2025-11-18T07:52:25.586241
http://fresh.sweetboom.net,1.1.1.1,2025-11-18T07:52:35.654417
http://fresh.sweetboom.net,23.105.175.15,2025-11-18T07:52:35.654417
http://freshgirls.tv,1.1.1.1,2025-11-18T07:52:36.213903
http://freshgirls.tv,66.115.166.236,2025-11-18T07:52:36.213903
http://freshteenvideos.com,1.1.1.1,2025-11-18T07:52:36.421856
http://freshteenvideos.com,172.237.146.25,2025-11-18T07:52:36.421856
http://freshteenvideos.com,172.237.146.8,2025-11-18T07:52:36.421856
http://freshteenvideos.com,172.237.146.38,2025-11-18T07:52:36.421856
http://freshteenvideos.com,172.233.219.78,2025-11-18T07:52:36.421856
http://freshteenvideos.com,172.233.219.49,2025-11-18T07:52:36.421856
http://freshteenvideos.com,172.233.219.123,2025-11-18T07:52:36.421856
http://fuckinghard.net,1.1.1.1,2025-11-18T07:52:36.658799
http://fuckinghard.net,172.233.219.78,2025-11-18T07:52:36.658799
http://fuckinghard.net,172.237.146.8,2025-11-18T07:52:36.658799
http://fuckinghard.net,172.233.219.49,2025-11-18T07:52:36.658799
http://fuckinghard.net,172.233.219.123,2025-11-18T07:52:36.658799
http://fuckinghard.net,172.237.146.25,2025-11-18T07:52:36.658799
http://fuckinghard.net,172.237.146.38,2025-11-18T07:52:36.658799
http://fudvd.com,1.1.1.1,2025-11-18T07:52:37.070610
http://fudvd.com,104.143.9.211,2025-11-18T07:52:37.070610
http://fudvd.com,104.143.9.210,2025-11-18T07:52:37.070610
http://funnyagency.com,1.1.1.1,2025-11-18T07:52:37.944808
http://funnyagency.com,121.254.178.250,2025-11-18T07:52:37.944808
http://galleries.adultartnetwork.com,1.1.1.1,2025-11-18T07:52:43.070419
http://galleries.adult-empire.com,1.1.1.1,2025-11-18T07:52:43.406137
http://galleries.adult-empire.com,195.225.54.250,2025-11-18T07:52:43.406137
http://fmalu.feburo.com,1.1.1.1,2025-11-18T07:52:53.448576
http://fmalu.feburo.com,217.196.97.145,2025-11-18T07:52:53.448576
http://fmceja2.firstmo.com,1.1.1.1,2025-11-18T07:52:53.773696
http://fmceja2.firstmo.com,13.248.169.48,2025-11-18T07:52:53.773696
http://fmceja2.firstmo.com,76.223.54.146,2025-11-18T07:52:53.773696
http://fmrubyria2.feburo.com,1.1.1.1,2025-11-18T07:53:03.835629
http://fmrubyria2.feburo.com,217.196.97.145,2025-11-18T07:53:03.835629
http://forbiddentoons.org,1.1.1.1,2025-11-18T07:53:04.123011
http://forbiddentoons.org,143.202.155.134,2025-11-18T07:53:04.123011
http://forever.artmodelingstudios.com,1.1.1.1,2025-11-18T07:53:04.427779
http://forever.artmodelingstudios.com,208.115.249.235,2025-11-18T07:53:04.427779
http://foro3cartas.comxa.com,1.1.1.1,2025-11-18T07:53:04.869229
http://fotos.muyzorras.com,1.1.1.1,2025-11-18T07:53:05.973689
http://fotos.muyzorras.com,23.111.183.218,2025-11-18T07:53:05.973689
http://free.olddicksyoungchix.com,1.1.1.1,2025-11-18T07:53:06.903260
http://free.olddicksyoungchix.com,88.208.36.28,2025-11-18T07:53:06.903260
http://free.stolenhomefilms.com,1.1.1.1,2025-11-18T07:53:12.393656
http://free.stolenhomefilms.com,104.247.81.99,2025-11-18T07:53:12.393656
http://galleries.allteenrevpass.com,1.1.1.1,2025-11-18T07:53:12.977584
http://galleries.allteenrevpass.com,208.122.222.8,2025-11-18T07:53:12.977584
http://galleries.amakings.com,1.1.1.1,2025-11-18T07:53:13.290177
http://galleries.amakings.com,15.197.212.58,2025-11-18T07:53:13.290177
http://galleries.analnippon.com,1.1.1.1,2025-11-18T07:53:13.518310
http://galleries.analnippon.com,89.222.120.9,2025-11-18T07:53:13.518310
http://galleries.analnippon.com,89.222.120.2,2025-11-18T07:53:13.518310
http://galleries.analnippon.com,89.222.120.5,2025-11-18T07:53:13.518310
http://galleries.angie.totalsupercuties.com,1.1.1.1,2025-11-18T07:53:13.806503
http://galleries.angie.totalsupercuties.com,192.64.119.254,2025-11-18T07:53:13.806503
http://galleries.doubleteamedteens.com,1.1.1.1,2025-11-18T07:53:24.042228
http://galleries.doubleteamedteens.com,89.41.171.144,2025-11-18T07:53:24.042228
http://galleries.drawn-sex.com,1.1.1.1,2025-11-18T07:53:26.609969
http://galleries.drawn-sex.com,204.155.156.242,2025-11-18T07:53:26.609969
http://galleries.drillherbutt.com,1.1.1.1,2025-11-18T07:53:36.658142
http://galleries.drillherbutt.com,89.41.171.144,2025-11-18T07:53:36.658142
http://galleries.elitedollars.com,1.1.1.1,2025-11-18T07:53:37.227407
http://galleries.elitedollars.com,13.248.148.254,2025-11-18T07:53:37.227407
http://galleries.elitedollars.com,76.223.26.96,2025-11-18T07:53:37.227407
http://galleries.exploitedcollegegirls.com,1.1.1.1,2025-11-18T07:53:38.156464
http://galleries.exploitedcollegegirls.com,172.67.71.49,2025-11-18T07:53:38.156464
http://galleries.exploitedcollegegirls.com,104.26.5.194,2025-11-18T07:53:38.156464
http://galleries.exploitedcollegegirls.com,104.26.4.194,2025-11-18T07:53:38.156464
http://galleries.gay-comics.net,1.1.1.1,2025-11-18T07:53:40.816236
http://galleries.gay-comics.net,204.155.156.246,2025-11-18T07:53:40.816236
http://galleries.girlsgotcream.com,1.1.1.1,2025-11-18T07:53:50.872202
http://galleries.girlsgotcream.com,89.41.171.144,2025-11-18T07:53:50.872202
http://galleries.grooby.com,1.1.1.1,2025-11-18T07:53:53.636680
http://galleries.grooby.com,178.237.35.41,2025-11-18T07:53:53.636680
http://galleries.incestcash.com,1.1.1.1,2025-11-18T07:53:54.002875
http://galleries.incestcash.com,192.157.56.142,2025-11-18T07:53:54.002875
http://galleries.littlebree.com,1.1.1.1,2025-11-18T07:53:54.609770
http://galleries.littlebree.com,208.122.222.8,2025-11-18T07:53:54.609770
http://galleries.littlehellcat.com,1.1.1.1,2025-11-18T07:54:04.670405
http://galleries.littlehellcat.com,89.41.171.144,2025-11-18T07:54:04.670405
http://galleries.littleliana.com,1.1.1.1,2025-11-18T07:54:05.255507
http://galleries.littleliana.com,208.122.222.8,2025-11-18T07:54:05.255507
http://galleries.littlelupe.com,1.1.1.1,2025-11-18T07:54:06.021921
http://galleries.littlelupe.com,208.122.222.8,2025-11-18T07:54:06.021921
http://galleries.maketeengape.com,1.1.1.1,2025-11-18T07:54:16.066111
http://galleries.maketeengape.com,89.41.171.144,2025-11-18T07:54:16.066111
http://galleries.nubiles.net,1.1.1.1,2025-11-18T07:54:17.859947
http://galleries.nubiles.net,184.170.255.11,2025-11-18T07:54:17.859947
http://galleries.payserve.com,1.1.1.1,2025-11-18T07:54:19.388553
http://galleries.payserve.com,51.195.151.227,2025-11-18T07:54:19.388553
http://galleries.pimproll.com,1.1.1.1,2025-11-18T07:54:21.372312
http://galleries.pimproll.com,31.192.121.202,2025-11-18T07:54:21.372312
http://galleries.prettylilpanties.com,1.1.1.1,2025-11-18T07:54:31.597127
http://galleries.prettylilpanties.com,103.224.182.213,2025-11-18T07:54:31.597127
http://galleries.seductive18.com,1.1.1.1,2025-11-18T07:54:41.644664
http://galleries.seductive18.com,89.41.171.144,2025-11-18T07:54:41.644664
http://galleries.selina18.com,1.1.1.1,2025-11-18T07:54:42.289591
http://galleries.selina18.com,208.122.222.8,2025-11-18T07:54:42.289591
http://galleries.sellyoursextape.com,1.1.1.1,2025-11-18T07:54:52.344986
http://galleries.sellyoursextape.com,69.50.136.21,2025-11-18T07:54:52.344986
http://galleries.spermantino.com,1.1.1.1,2025-11-18T07:55:02.407123
http://galleries.spermantino.com,89.41.171.144,2025-11-18T07:55:02.407123
http://galleries.teenagersgoingwild.com,1.1.1.1,2025-11-18T07:55:12.488039
http://galleries.teenagersgoingwild.com,89.41.171.144,2025-11-18T07:55:12.488039
http://galleries.teenswantorgies.com,1.1.1.1,2025-11-18T07:55:22.557204
http://galleries.teenswantorgies.com,89.41.171.144,2025-11-18T07:55:22.557204
http://galleries.teentopanga.com,1.1.1.1,2025-11-18T07:55:23.128727
http://galleries.teentopanga.com,208.122.222.8,2025-11-18T07:55:23.128727
http://galleries.tinytabby.com,1.1.1.1,2025-11-18T07:55:23.757400
http://galleries.tinytabby.com,208.122.222.8,2025-11-18T07:55:23.757400
http://galleries.tinytyler.com,1.1.1.1,2025-11-18T07:55:24.344950
http://galleries.tinytyler.com,208.122.222.8,2025-11-18T07:55:24.344950
http://galleries.tram-pararam.com,1.1.1.1,2025-11-18T07:55:26.825771
http://galleries.tram-pararam.com,204.155.156.60,2025-11-18T07:55:26.825771
http://galleries.tryteens.com,1.1.1.1,2025-11-18T07:55:36.890911
http://galleries.tryteens.com,89.41.171.144,2025-11-18T07:55:36.890911
http://galleries.whiteteensblackcocks.com,1.1.1.1,2025-11-18T07:55:38.363883
http://galleries.whiteteensblackcocks.com,89.41.170.114,2025-11-18T07:55:38.363883
http://galleries.youngthroats.com,1.1.1.1,2025-11-18T07:55:48.426143
http://galleries.youngthroats.com,89.41.171.144,2025-11-18T07:55:48.426143
http://galleries1.adult-empire.com,1.1.1.1,2025-11-18T07:55:48.701740
http://galleries1.adult-empire.com,172.67.213.112,2025-11-18T07:55:48.701740
http://galleries1.adult-empire.com,104.21.42.245,2025-11-18T07:55:48.701740
http://galleries2.amakings.com,1.1.1.1,2025-11-18T07:55:48.939420
http://galleries2.amakings.com,15.197.212.58,2025-11-18T07:55:48.939420
http://gallery.eurotwinkin.com,1.1.1.1,2025-11-18T07:55:55.544222
http://gallery.eurotwinkin.com,184.94.149.216,2025-11-18T07:55:55.544222
http://gallery.g-cash.biz,1.1.1.1,2025-11-18T07:55:55.886961
http://gallery.g-cash.biz,172.237.146.38,2025-11-18T07:55:55.886961
http://gallery.g-cash.biz,172.237.146.8,2025-11-18T07:55:55.886961
http://gallery.g-cash.biz,172.233.219.49,2025-11-18T07:55:55.886961
http://gallery.g-cash.biz,172.237.146.25,2025-11-18T07:55:55.886961
http://gallery.g-cash.biz,172.233.219.78,2025-11-18T07:55:55.886961
http://gallery.g-cash.biz,172.233.219.123,2025-11-18T07:55:55.886961
http://gallery.washedtwinks.com,1.1.1.1,2025-11-18T07:56:05.992881
http://gallery.washedtwinks.com,78.140.154.190,2025-11-18T07:56:05.992881
http://galls.maniacpass.com,1.1.1.1,2025-11-18T07:56:06.536836
http://galls.maniacpass.com,172.67.168.210,2025-11-18T07:56:06.536836
http://galls.maniacpass.com,104.21.38.238,2025-11-18T07:56:06.536836
http://gallyho.com,1.1.1.1,2025-11-18T07:56:07.427430
http://gallyho.com,74.208.236.120,2025-11-18T07:56:07.427430
http://gallys.rk.com,1.1.1.1,2025-11-18T07:56:08.793931
http://gallys.rk.com,66.254.114.234,2025-11-18T07:56:08.793931
http://gals.nekkosvillage.net,1.1.1.1,2025-11-18T07:56:08.853268
http://gaygiraffe.com,1.1.1.1,2025-11-18T07:56:19.220251
http://gaygiraffe.com,103.224.212.205,2025-11-18T07:56:19.220251
http://img9.uploadhouse.com,1.1.1.1,2025-11-18T07:56:21.235739
http://img9.uploadhouse.com,103.69.72.70,2025-11-18T07:56:21.235739
http://img8.uploadhouse.com,1.1.1.1,2025-11-18T07:56:22.102340
http://img8.uploadhouse.com,103.69.72.70,2025-11-18T07:56:22.102340
http://img3.uploadhouse.com,1.1.1.1,2025-11-18T07:56:23.235053
http://img3.uploadhouse.com,103.69.72.70,2025-11-18T07:56:23.235053
http://ummtube.com,1.1.1.1,2025-11-18T07:56:25.103739
http://ummtube.com,74.63.219.252,2025-11-18T07:56:25.103739
http://world-beauty.org,1.1.1.1,2025-11-18T07:56:25.317774
http://world-beauty.org,172.237.146.25,2025-11-18T07:56:25.317774
http://world-beauty.org,172.237.146.8,2025-11-18T07:56:25.317774
http://world-beauty.org,172.233.219.78,2025-11-18T07:56:25.317774
http://world-beauty.org,172.237.146.38,2025-11-18T07:56:25.317774
http://world-beauty.org,172.233.219.49,2025-11-18T07:56:25.317774
http://world-beauty.org,172.233.219.123,2025-11-18T07:56:25.317774
http://xvideos.com,1.1.1.1,2025-11-18T07:56:26.379596
http://xvideos.com,185.88.181.6,2025-11-18T07:56:26.379596
http://xvideos.com,185.88.181.7,2025-11-18T07:56:26.379596
http://xvideos.com,185.88.181.5,2025-11-18T07:56:26.379596
http://xvideos.com,185.88.181.2,2025-11-18T07:56:26.379596
http://xvideos.com,185.88.181.4,2025-11-18T07:56:26.379596
http://xvideos.com,185.88.181.8,2025-11-18T07:56:26.379596
http://xvideos.com,185.88.181.9,2025-11-18T07:56:26.379596
http://xvideos.com,185.88.181.3,2025-11-18T07:56:26.379596
http://xvideos.com,185.88.181.11,2025-11-18T07:56:26.379596
http://xvideos.com,185.88.181.10,2025-11-18T07:56:26.379596
http://zaitianjin.cn,1.1.1.1,2025-11-18T07:56:32.748100
http://zaitianjin.cn,59.152.49.122,2025-11-18T07:56:32.748100
http://rom.jpg4.info,1.1.1.1,2025-11-18T07:56:33.167339
http://rom.jpg4.info,103.224.182.251,2025-11-18T07:56:33.167339
http://svetamodel.com,1.1.1.1,2025-11-18T07:56:33.535626
http://svetamodel.com,15.197.172.60,2025-11-18T07:56:33.535626
http://imgve.com,1.1.1.1,2025-11-18T07:56:34.879429
http://imgve.com,198.252.100.208,2025-11-18T07:56:34.879429
http://x.fap.to,1.1.1.1,2025-11-18T07:56:35.564481
http://x.fap.to,85.159.232.130,2025-11-18T07:56:35.564481
http://i1.wp.com,1.1.1.1,2025-11-18T07:56:35.758666
http://i1.wp.com,192.0.77.2,2025-11-18T07:56:35.758666
http://img-l3.xvideos.com,1.1.1.1,2025-11-18T07:56:36.776247
http://img-l3.xvideos.com,185.88.181.7,2025-11-18T07:56:36.776247
http://img-l3.xvideos.com,185.88.181.10,2025-11-18T07:56:36.776247
http://img-l3.xvideos.com,185.88.181.2,2025-11-18T07:56:36.776247
http://img-l3.xvideos.com,185.88.181.8,2025-11-18T07:56:36.776247
http://img-l3.xvideos.com,185.88.181.9,2025-11-18T07:56:36.776247
http://img-l3.xvideos.com,185.88.181.4,2025-11-18T07:56:36.776247
http://img-l3.xvideos.com,185.88.181.3,2025-11-18T07:56:36.776247
http://img-l3.xvideos.com,185.88.181.5,2025-11-18T07:56:36.776247
http://img-l3.xvideos.com,185.88.181.6,2025-11-18T07:56:36.776247
http://img-l3.xvideos.com,185.88.181.11,2025-11-18T07:56:36.776247
http://cacnojp.1yourfilehost.com,1.1.1.1,2025-11-18T07:56:37.227920
http://cacnojp.1yourfilehost.com,172.237.146.25,2025-11-18T07:56:37.227920
http://cacnojp.1yourfilehost.com,172.237.146.38,2025-11-18T07:56:37.227920
http://cacnojp.1yourfilehost.com,172.233.219.78,2025-11-18T07:56:37.227920
http://cacnojp.1yourfilehost.com,172.233.219.123,2025-11-18T07:56:37.227920
http://cacnojp.1yourfilehost.com,172.237.146.8,2025-11-18T07:56:37.227920
http://cacnojp.1yourfilehost.com,172.233.219.49,2025-11-18T07:56:37.227920
http://thumbnails108.imagebam.com,1.1.1.1,2025-11-18T07:56:37.886911
http://thumbnails108.imagebam.com,212.63.223.227,2025-11-18T07:56:37.886911
http://thumbnails108.imagebam.com,212.63.223.225,2025-11-18T07:56:37.886911
http://thumbnails108.imagebam.com,212.63.223.226,2025-11-18T07:56:37.886911
http://id01.imgdew.com,1.1.1.1,2025-11-18T07:56:38.308165
http://id01.imgdew.com,45.88.104.241,2025-11-18T07:56:38.308165
http://up23.ayame.jp,1.1.1.1,2025-11-18T07:56:38.997678
http://up23.ayame.jp,157.112.187.27,2025-11-18T07:56:38.997678
http://imagebam.com,1.1.1.1,2025-11-18T07:56:41.537618
http://imagebam.com,212.63.223.232,2025-11-18T07:56:41.537618
http://cutebaits.com,1.1.1.1,2025-11-18T07:56:41.960910
http://cutebaits.com,172.237.146.25,2025-11-18T07:56:41.960910
http://cutebaits.com,172.233.219.49,2025-11-18T07:56:41.960910
http://cutebaits.com,172.233.219.123,2025-11-18T07:56:41.960910
http://cutebaits.com,172.233.219.78,2025-11-18T07:56:41.960910
http://cutebaits.com,172.237.146.38,2025-11-18T07:56:41.960910
http://cutebaits.com,172.237.146.8,2025-11-18T07:56:41.960910
http://easybeauty.at.ua,1.1.1.1,2025-11-18T07:56:42.464637
http://easybeauty.at.ua,45.88.172.132,2025-11-18T07:56:42.464637
http://155chan.top,1.1.1.1,2025-11-18T07:56:43.094014
http://155chan.top,104.247.81.99,2025-11-18T07:56:43.094014
http://b9.us.icdn.ru,1.1.1.1,2025-11-18T07:56:45.144148
http://b9.us.icdn.ru,90.156.135.61,2025-11-18T07:56:45.144148
http://pixmix.io,1.1.1.1,2025-11-18T07:56:45.482978
http://pixmix.io,13.248.169.48,2025-11-18T07:56:45.482978
http://pixmix.io,76.223.54.146,2025-11-18T07:56:45.482978
http://iv2.imgview.net,1.1.1.1,2025-11-18T07:56:45.909733
http://iv2.imgview.net,45.88.104.241,2025-11-18T07:56:45.909733
http://x.imagefapusercontent.com,1.1.1.1,2025-11-18T07:56:47.005534
http://x.imagefapusercontent.com,46.166.189.210,2025-11-18T07:56:47.005534
http://uploadhouse.com,1.1.1.1,2025-11-18T07:56:47.700301
http://uploadhouse.com,110.232.118.81,2025-11-18T07:56:47.700301
http://camkittys.to,1.1.1.1,2025-11-18T07:56:48.104722
http://camkittys.to,76.223.54.146,2025-11-18T07:56:48.104722
http://camkittys.to,13.248.169.48,2025-11-18T07:56:48.104722
http://moargasm.com,1.1.1.1,2025-11-18T07:56:48.404160
http://moargasm.com,75.2.18.233,2025-11-18T07:56:48.404160
http://teens.bbmy.ru,1.1.1.1,2025-11-18T07:56:48.901154
http://teens.bbmy.ru,91.194.2.84,2025-11-18T07:56:48.901154
http://s6.uploads.ru,1.1.1.1,2025-11-18T07:56:49.803785
http://s6.uploads.ru,91.194.2.83,2025-11-18T07:56:49.803785
http://im2-tub-tr.yandex.net,1.1.1.1,2025-11-18T07:56:49.876053
http://im1-tub-tr.yandex.net,1.1.1.1,2025-11-18T07:56:49.927218
http://im3-tub-tr.yandex.net,1.1.1.1,2025-11-18T07:56:49.970973
http://im0-tub-tr.yandex.net,1.1.1.1,2025-11-18T07:56:50.014091
http://blog-imgs-69.fc2.com,1.1.1.1,2025-11-18T07:56:50.132991
http://blog-imgs-69.fc2.com,169.150.228.153,2025-11-18T07:56:50.132991
http://blog-imgs-69.fc2.com,169.150.228.160,2025-11-18T07:56:50.132991
http://picsee.net,1.1.1.1,2025-11-18T07:56:51.046377
http://picsee.net,103.224.182.253,2025-11-18T07:56:51.046377
http://freeyoungvideos.com,1.1.1.1,2025-11-18T07:56:51.505794
http://freeyoungvideos.com,51.158.61.38,2025-11-18T07:56:51.505794
http://byxxxporn.com,1.1.1.1,2025-11-18T07:56:51.881813
http://byxxxporn.com,162.254.188.72,2025-11-18T07:56:51.881813
http://i.megayoungporn.com,1.1.1.1,2025-11-18T07:56:51.946557
http://megayoungporn.com,1.1.1.1,2025-11-18T07:56:54.143187
http://megayoungporn.com,156.234.202.104,2025-11-18T07:56:54.143187
http://seeteenporn.com,1.1.1.1,2025-11-18T07:56:55.447386
http://seeteenporn.com,154.201.158.234,2025-11-18T07:56:55.447386
http://trueteenporn.com,1.1.1.1,2025-11-18T07:56:55.796464
http://trueteenporn.com,192.157.56.139,2025-11-18T07:56:55.796464
http://en.ela.mobi,1.1.1.1,2025-11-18T07:56:56.143767
http://en.ela.mobi,172.237.146.38,2025-11-18T07:56:56.143767
http://en.ela.mobi,172.237.146.8,2025-11-18T07:56:56.143767
http://en.ela.mobi,172.233.219.49,2025-11-18T07:56:56.143767
http://en.ela.mobi,172.233.219.123,2025-11-18T07:56:56.143767
http://en.ela.mobi,172.233.219.78,2025-11-18T07:56:56.143767
http://en.ela.mobi,172.237.146.25,2025-11-18T07:56:56.143767
http://im0-tub-ru.yandex.net,1.1.1.1,2025-11-18T07:57:26.564787
http://im0-tub-ru.yandex.net,93.158.134.60,2025-11-18T07:57:26.564787
http://im0-tub-ru.yandex.net,213.180.193.60,2025-11-18T07:57:26.564787
http://im0-tub-ru.yandex.net,213.180.204.60,2025-11-18T07:57:26.564787
http://im0-tub-ru.yandex.net,87.250.251.60,2025-11-18T07:57:26.564787
http://freetexthost.com,1.1.1.1,2025-11-18T07:57:33.209478
http://freetexthost.com,104.21.26.61,2025-11-18T07:57:33.209478
http://freetexthost.com,172.67.135.144,2025-11-18T07:57:33.209478
http://i.imgbox.com,1.1.1.1,2025-11-18T07:57:34.428074
http://i.imgbox.com,212.63.223.239,2025-11-18T07:57:34.428074
http://i.imgbox.com,212.63.223.240,2025-11-18T07:57:34.428074
http://thumbnails109.imagebam.com,1.1.1.1,2025-11-18T07:57:35.112837
http://thumbnails109.imagebam.com,212.63.223.226,2025-11-18T07:57:35.112837
http://thumbnails109.imagebam.com,212.63.223.227,2025-11-18T07:57:35.112837
http://thumbnails109.imagebam.com,212.63.223.225,2025-11-18T07:57:35.112837
http://thumbnails111.imagebam.com,1.1.1.1,2025-11-18T07:57:35.630833
http://thumbnails111.imagebam.com,212.63.223.226,2025-11-18T07:57:35.630833
http://thumbnails111.imagebam.com,212.63.223.227,2025-11-18T07:57:35.630833
http://thumbnails111.imagebam.com,212.63.223.225,2025-11-18T07:57:35.630833
http://thumbnails112.imagebam.com,1.1.1.1,2025-11-18T07:57:36.277810
http://thumbnails112.imagebam.com,212.63.223.226,2025-11-18T07:57:36.277810
http://thumbnails112.imagebam.com,212.63.223.227,2025-11-18T07:57:36.277810
http://thumbnails112.imagebam.com,212.63.223.225,2025-11-18T07:57:36.277810
http://elchat.net,1.1.1.1,2025-11-18T07:57:38.407294
http://elchat.net,104.238.221.49,2025-11-18T07:57:38.407294
http://kittens.nonudeplace.com,1.1.1.1,2025-11-18T07:57:39.376959
http://kittens.nonudeplace.com,172.241.25.219,2025-11-18T07:57:39.376959
http://free.nnlopics.com,1.1.1.1,2025-11-18T07:57:39.568942
http://free.nnlopics.com,172.237.146.8,2025-11-18T07:57:39.568942
http://free.nnlopics.com,172.237.146.38,2025-11-18T07:57:39.568942
http://free.nnlopics.com,172.233.219.78,2025-11-18T07:57:39.568942
http://free.nnlopics.com,172.237.146.25,2025-11-18T07:57:39.568942
http://free.nnlopics.com,172.233.219.49,2025-11-18T07:57:39.568942
http://free.nnlopics.com,172.233.219.123,2025-11-18T07:57:39.568942
http://sv2.mypornwap.com.,1.1.1.1,2025-11-18T07:57:40.280565
http://sv2.mypornwap.com.,5.39.216.238,2025-11-18T07:57:40.280565
http://sv3.mypornwap.com,1.1.1.1,2025-11-18T07:57:40.699141
http://sv3.mypornwap.com,172.98.192.36,2025-11-18T07:57:40.699141
http://sv2.mypornwap.com,1.1.1.1,2025-11-18T07:57:41.112538
http://sv2.mypornwap.com,5.39.216.238,2025-11-18T07:57:41.112538
http://cdn.allteensnude.net,1.1.1.1,2025-11-18T07:57:42.086008
http://cdn.allteensnude.net,172.237.146.25,2025-11-18T07:57:42.086008
http://cdn.allteensnude.net,172.233.219.78,2025-11-18T07:57:42.086008
http://cdn.allteensnude.net,172.233.219.123,2025-11-18T07:57:42.086008
http://cdn.allteensnude.net,172.233.219.49,2025-11-18T07:57:42.086008
http://cdn.allteensnude.net,172.237.146.8,2025-11-18T07:57:42.086008
http://cdn.allteensnude.net,172.237.146.38,2025-11-18T07:57:42.086008
http://brazilvideo.com,1.1.1.1,2025-11-18T07:57:42.416010
http://brazilvideo.com,208.115.249.235,2025-11-18T07:57:42.416010
http://dara.kitunebi.com,1.1.1.1,2025-11-18T07:57:43.081053
http://dara.kitunebi.com,202.228.215.57,2025-11-18T07:57:43.081053
http://nn-forum.net,1.1.1.1,2025-11-18T07:57:43.601216
http://nn-forum.net,172.237.146.25,2025-11-18T07:57:43.601216
http://nn-forum.net,172.233.219.123,2025-11-18T07:57:43.601216
http://nn-forum.net,172.233.219.49,2025-11-18T07:57:43.601216
http://nn-forum.net,172.237.146.8,2025-11-18T07:57:43.601216
http://nn-forum.net,172.237.146.38,2025-11-18T07:57:43.601216
http://nn-forum.net,172.233.219.78,2025-11-18T07:57:43.601216
http://lu.iboard.ws,1.1.1.1,2025-11-18T07:57:44.124173
http://lu.iboard.ws,91.194.2.84,2025-11-18T07:57:44.124173
http://jblinks.biz,1.1.1.1,2025-11-18T07:57:44.609272
http://jblinks.biz,82.192.80.80,2025-11-18T07:57:44.609272
http://imgsrc.ru,1.1.1.1,2025-11-18T07:57:45.037971
http://imgsrc.ru,185.178.208.177,2025-11-18T07:57:45.037971
http://ilovenonude.org,1.1.1.1,2025-11-18T07:57:46.202063
http://ilovenonude.org,192.157.56.141,2025-11-18T07:57:46.202063
http://xxxpornotuber.com,1.1.1.1,2025-11-18T07:57:46.886606
http://xxxpornotuber.com,173.214.252.66,2025-11-18T07:57:46.886606
http://watchmygf.net,1.1.1.1,2025-11-18T07:57:49.014593
http://watchmygf.net,216.18.180.222,2025-11-18T07:57:49.014593
http://fmdaisy.feburo.com,1.1.1.1,2025-11-18T07:57:59.107298
http://fmdaisy.feburo.com,217.196.97.145,2025-11-18T07:57:59.107298
http://xnxx.com,1.1.1.1,2025-11-18T07:58:00.118058
http://xnxx.com,185.88.181.60,2025-11-18T07:58:00.118058
http://xnxx.com,185.88.181.56,2025-11-18T07:58:00.118058
http://xnxx.com,185.88.181.54,2025-11-18T07:58:00.118058
http://xnxx.com,185.88.181.59,2025-11-18T07:58:00.118058
http://xnxx.com,185.88.181.53,2025-11-18T07:58:00.118058
http://xnxx.com,185.88.181.57,2025-11-18T07:58:00.118058
http://xnxx.com,185.88.181.58,2025-11-18T07:58:00.118058
http://xnxx.com,185.88.181.55,2025-11-18T07:58:00.118058
http://pornhub.com,1.1.1.1,2025-11-18T07:58:01.153920
http://pornhub.com,66.254.114.41,2025-11-18T07:58:01.153920
http://rumporn.com,1.1.1.1,2025-11-18T07:58:01.691350
http://rumporn.com,62.122.170.201,2025-11-18T07:58:01.691350
http://makoring.com,1.1.1.1,2025-11-18T07:58:03.183486
http://makoring.com,157.7.107.78,2025-11-18T07:58:03.183486
http://teenbeautyfitness.com,1.1.1.1,2025-11-18T07:58:03.447215
http://teenbeautyfitness.com,76.223.54.146,2025-11-18T07:58:03.447215
http://teenbeautyfitness.com,13.248.169.48,2025-11-18T07:58:03.447215
http://supereuro.ru,1.1.1.1,2025-11-18T07:58:04.043119
http://supereuro.ru,195.161.62.100,2025-11-18T07:58:04.043119
http://cigu8.com,1.1.1.1,2025-11-18T07:58:04.753672
http://cigu8.com,38.6.107.179,2025-11-18T07:58:04.753672
http://tb.himg.baidu.com,1.1.1.1,2025-11-18T07:58:05.645348
http://tb.himg.baidu.com,175.12.90.38,2025-11-18T07:58:05.645348
http://tb.himg.baidu.com,124.226.72.38,2025-11-18T07:58:05.645348
http://tb.himg.baidu.com,180.97.198.38,2025-11-18T07:58:05.645348
http://tb.himg.baidu.com,111.225.213.38,2025-11-18T07:58:05.645348
http://tb.himg.baidu.com,124.232.161.38,2025-11-18T07:58:05.645348
http://tb.himg.baidu.com,171.214.23.38,2025-11-18T07:58:05.645348
http://tb.himg.baidu.com,150.138.188.38,2025-11-18T07:58:05.645348
http://tb.himg.baidu.com,150.138.253.38,2025-11-18T07:58:05.645348
http://tb.himg.baidu.com,171.107.86.38,2025-11-18T07:58:05.645348
http://tb.himg.baidu.com,120.220.168.38,2025-11-18T07:58:05.645348
http://voyeurlatinocolegialas.com,1.1.1.1,2025-11-18T07:58:06.239965
http://voyeurlatinocolegialas.com,172.233.219.123,2025-11-18T07:58:06.239965
http://voyeurlatinocolegialas.com,172.233.219.49,2025-11-18T07:58:06.239965
http://voyeurlatinocolegialas.com,172.233.219.78,2025-11-18T07:58:06.239965
http://voyeurlatinocolegialas.com,172.237.146.8,2025-11-18T07:58:06.239965
http://voyeurlatinocolegialas.com,172.237.146.38,2025-11-18T07:58:06.239965
http://voyeurlatinocolegialas.com,172.237.146.25,2025-11-18T07:58:06.239965
http://archive.xusenet.com,1.1.1.1,2025-11-18T07:58:06.752300
http://archive.xusenet.com,172.237.146.38,2025-11-18T07:58:06.752300
http://archive.xusenet.com,172.237.146.25,2025-11-18T07:58:06.752300
http://archive.xusenet.com,172.233.219.123,2025-11-18T07:58:06.752300
http://archive.xusenet.com,172.233.219.49,2025-11-18T07:58:06.752300
http://archive.xusenet.com,172.237.146.8,2025-11-18T07:58:06.752300
http://archive.xusenet.com,172.233.219.78,2025-11-18T07:58:06.752300
http://imgdew.com,1.1.1.1,2025-11-18T07:58:07.170865
http://imgdew.com,45.88.104.241,2025-11-18T07:58:07.170865
http://hot-stick.tumblr.com,1.1.1.1,2025-11-18T07:58:07.688996
http://hot-stick.tumblr.com,74.114.154.18,2025-11-18T07:58:07.688996
http://hot-stick.tumblr.com,74.114.154.22,2025-11-18T07:58:07.688996
http://quinporn.com,1.1.1.1,2025-11-18T07:58:08.635512
http://quinporn.com,103.224.212.210,2025-11-18T07:58:08.635512
http://ela.mobi,1.1.1.1,2025-11-18T07:58:09.068771
http://ela.mobi,172.237.146.25,2025-11-18T07:58:09.068771
http://ela.mobi,172.233.219.123,2025-11-18T07:58:09.068771
http://ela.mobi,172.233.219.49,2025-11-18T07:58:09.068771
http://ela.mobi,172.233.219.78,2025-11-18T07:58:09.068771
http://ela.mobi,172.237.146.38,2025-11-18T07:58:09.068771
http://ela.mobi,172.237.146.8,2025-11-18T07:58:09.068771
http://x.1yourfilehost.com,1.1.1.1,2025-11-18T07:58:09.420059
http://x.1yourfilehost.com,172.237.146.25,2025-11-18T07:58:09.420059
http://x.1yourfilehost.com,172.233.219.49,2025-11-18T07:58:09.420059
http://x.1yourfilehost.com,172.233.219.78,2025-11-18T07:58:09.420059
http://x.1yourfilehost.com,172.237.146.38,2025-11-18T07:58:09.420059
http://x.1yourfilehost.com,172.233.219.123,2025-11-18T07:58:09.420059
http://x.1yourfilehost.com,172.237.146.8,2025-11-18T07:58:09.420059
http://forum.onlyhot.net,1.1.1.1,2025-11-18T07:58:09.685971
http://forum.onlyhot.net,172.67.136.198,2025-11-18T07:58:09.685971
http://forum.onlyhot.net,104.21.54.80,2025-11-18T07:58:09.685971
http://sex-wap.sextgem.com,1.1.1.1,2025-11-18T07:58:11.153119
http://sex-wap.sextgem.com,54.36.158.42,2025-11-18T07:58:11.153119
http://sex-wap.sextgem.com,54.36.158.41,2025-11-18T07:58:11.153119
http://issue2.school-models.net,1.1.1.1,2025-11-18T07:58:17.731125
http://issue2.school-models.net,208.115.249.238,2025-11-18T07:58:17.731125
http://ero.lu,1.1.1.1,2025-11-18T07:58:18.295157
http://ero.lu,91.184.0.200,2025-11-18T07:58:18.295157
http://younownudes.com,1.1.1.1,2025-11-18T07:58:18.877261
http://younownudes.com,95.216.161.60,2025-11-18T07:58:18.877261
http://younownudes.com,159.69.83.207,2025-11-18T07:58:18.877261
http://younownudes.com,159.69.42.212,2025-11-18T07:58:18.877261
http://younownudes.com,159.69.186.9,2025-11-18T07:58:18.877261
http://100gbvideo.com,1.1.1.1,2025-11-18T07:58:19.053120
http://100gbvideo.com,172.67.161.10,2025-11-18T07:58:19.053120
http://100gbvideo.com,104.21.9.167,2025-11-18T07:58:19.053120
http://100nonude.com,1.1.1.1,2025-11-18T07:58:19.279662
http://100nonude.com,172.237.146.25,2025-11-18T07:58:19.279662
http://100nonude.com,172.233.219.123,2025-11-18T07:58:19.279662
http://100nonude.com,172.233.219.78,2025-11-18T07:58:19.279662
http://100nonude.com,172.233.219.49,2025-11-18T07:58:19.279662
http://100nonude.com,172.237.146.38,2025-11-18T07:58:19.279662
http://100nonude.com,172.237.146.8,2025-11-18T07:58:19.279662
http://105.imagebam.com,1.1.1.1,2025-11-18T07:58:29.373062
http://105.imagebam.com,46.166.142.239,2025-11-18T07:58:29.373062
http://105.imagebam.com,46.166.142.240,2025-11-18T07:58:29.373062
http://109.imagebam.com,1.1.1.1,2025-11-18T07:58:49.437547
http://109.imagebam.com,46.166.142.240,2025-11-18T07:58:49.437547
http://109.imagebam.com,46.166.142.239,2025-11-18T07:58:49.437547
http://10gay.com,1.1.1.1,2025-11-18T07:58:49.790619
http://10gay.com,103.224.182.251,2025-11-18T07:58:49.790619
http://110.imagebam.com,1.1.1.1,2025-11-18T07:59:09.864617
http://110.imagebam.com,46.166.142.240,2025-11-18T07:59:09.864617
http://110.imagebam.com,46.166.142.239,2025-11-18T07:59:09.864617
http://111.imagebam.com,1.1.1.1,2025-11-18T07:59:20.193917
http://111.imagebam.com,46.166.142.240,2025-11-18T07:59:20.193917
http://111.imagebam.com,46.166.142.239,2025-11-18T07:59:20.193917
http://112.imagebam.com,1.1.1.1,2025-11-18T07:59:40.472133
http://112.imagebam.com,46.166.142.240,2025-11-18T07:59:40.472133
http://112.imagebam.com,46.166.142.239,2025-11-18T07:59:40.472133
http://12porn.lolmash.com,1.1.1.1,2025-11-18T07:59:40.808425
http://12porn.lolmash.com,13.248.169.48,2025-11-18T07:59:40.808425
http://12porn.lolmash.com,76.223.54.146,2025-11-18T07:59:40.808425
http://15yomodels.com,1.1.1.1,2025-11-18T07:59:46.097957
http://15yomodels.com,172.241.25.218,2025-11-18T07:59:46.097957
http://173.201.92.196,1.1.1.1,2025-11-18T07:59:56.352157
http://180chan.info,1.1.1.1,2025-11-18T07:59:56.676278
http://180chan.info,172.237.146.8,2025-11-18T07:59:56.676278
http://180chan.info,172.233.219.123,2025-11-18T07:59:56.676278
http://180chan.info,172.237.146.25,2025-11-18T07:59:56.676278
http://180chan.info,172.233.219.49,2025-11-18T07:59:56.676278
http://180chan.info,172.237.146.38,2025-11-18T07:59:56.676278
http://180chan.info,172.233.219.78,2025-11-18T07:59:56.676278
http://18chan.net,1.1.1.1,2025-11-18T08:00:06.767225
http://18chan.net,103.224.182.218,2025-11-18T08:00:06.767225
http://18freshteenies.com,1.1.1.1,2025-11-18T08:00:07.094979
http://18freshteenies.com,99.83.151.79,2025-11-18T08:00:07.094979
http://18freshteenies.com,75.2.37.224,2025-11-18T08:00:07.094979
http://18stream.net.,1.1.1.1,2025-11-18T08:00:07.526006
http://18stream.net.,104.247.81.99,2025-11-18T08:00:07.526006
http://199.189.107.52,1.1.1.1,2025-11-18T08:00:18.339204
http://19yoporn.com,1.1.1.1,2025-11-18T08:00:18.937359
http://19yoporn.com,104.21.27.129,2025-11-18T08:00:18.937359
http://19yoporn.com,172.67.142.155,2025-11-18T08:00:18.937359
http://1babe.ph,1.1.1.1,2025-11-18T08:00:25.587630
http://1babe.ph,172.237.146.8,2025-11-18T08:00:25.587630
http://1babe.ph,172.233.219.49,2025-11-18T08:00:25.587630
http://1babe.ph,172.233.219.123,2025-11-18T08:00:25.587630
http://1babe.ph,172.237.146.38,2025-11-18T08:00:25.587630
http://1babe.ph,172.233.219.78,2025-11-18T08:00:25.587630
http://1babe.ph,172.237.146.25,2025-11-18T08:00:25.587630
http://208.97.165.147,1.1.1.1,2025-11-18T08:00:36.977952
http://209.159.152.101,1.1.1.1,2025-11-18T08:00:47.287052
http://213.229.83.160,1.1.1.1,2025-11-18T08:00:58.132575
http://24.media.tumblr.com,1.1.1.1,2025-11-18T08:00:58.614598
http://24.media.tumblr.com,74.114.154.22,2025-11-18T08:00:58.614598
http://24.media.tumblr.com,74.114.154.18,2025-11-18T08:00:58.614598
http://25.media.tumblr.com,1.1.1.1,2025-11-18T08:00:59.078811
http://25.media.tumblr.com,74.114.154.18,2025-11-18T08:00:59.078811
http://25.media.tumblr.com,74.114.154.22,2025-11-18T08:00:59.078811
http://2gayboys.com,1.1.1.1,2025-11-18T08:00:59.307653
http://2gayboys.com,172.233.219.123,2025-11-18T08:00:59.307653
http://2gayboys.com,172.237.146.25,2025-11-18T08:00:59.307653
http://2gayboys.com,172.233.219.78,2025-11-18T08:00:59.307653
http://2gayboys.com,172.237.146.38,2025-11-18T08:00:59.307653
http://2gayboys.com,172.233.219.49,2025-11-18T08:00:59.307653
http://2gayboys.com,172.237.146.8,2025-11-18T08:00:59.307653
http://2hottube.com,1.1.1.1,2025-11-18T08:00:59.923626
http://2hottube.com,147.124.195.66,2025-11-18T08:00:59.923626
http://3.t.imgbox.com,1.1.1.1,2025-11-18T08:01:01.665708
http://3.t.imgbox.com,212.63.223.240,2025-11-18T08:01:01.665708
http://3.t.imgbox.com,212.63.223.239,2025-11-18T08:01:01.665708
http://31.media.tumblr.com,1.1.1.1,2025-11-18T08:01:02.105459
http://31.media.tumblr.com,74.114.154.18,2025-11-18T08:01:02.105459
http://31.media.tumblr.com,74.114.154.22,2025-11-18T08:01:02.105459
http://37.media.tumblr.com,1.1.1.1,2025-11-18T08:01:02.682352
http://37.media.tumblr.com,74.114.154.18,2025-11-18T08:01:02.682352
http://37.media.tumblr.com,74.114.154.22,2025-11-18T08:01:02.682352
http://38.media.tumblr.com,1.1.1.1,2025-11-18T08:01:03.248616
http://38.media.tumblr.com,74.114.154.22,2025-11-18T08:01:03.248616
http://38.media.tumblr.com,74.114.154.18,2025-11-18T08:01:03.248616
http://40.media.tumblr.com,1.1.1.1,2025-11-18T08:01:03.827166
http://40.media.tumblr.com,74.114.154.18,2025-11-18T08:01:03.827166
http://40.media.tumblr.com,74.114.154.22,2025-11-18T08:01:03.827166
http://45chan.com,1.1.1.1,2025-11-18T08:01:04.193321
http://45chan.com,148.72.169.35,2025-11-18T08:01:04.193321
http://5.t.imgbox.com,1.1.1.1,2025-11-18T08:01:05.357121
http://5.t.imgbox.com,212.63.223.239,2025-11-18T08:01:05.357121
http://5.t.imgbox.com,212.63.223.240,2025-11-18T08:01:05.357121
http://6.t.imgbox.com,1.1.1.1,2025-11-18T08:01:06.621392
http://6.t.imgbox.com,212.63.223.240,2025-11-18T08:01:06.621392
http://6.t.imgbox.com,212.63.223.239,2025-11-18T08:01:06.621392
http://85.17.126.226,1.1.1.1,2025-11-18T08:01:17.830146
http://8ch.net,1.1.1.1,2025-11-18T08:01:19.277728
http://8ch.net,199.16.104.13,2025-11-18T08:01:19.277728
http://8teenxxx.com,1.1.1.1,2025-11-18T08:01:20.606507
http://8teenxxx.com,84.247.3.181,2025-11-18T08:01:20.606507
http://9.t.imgbox.com,1.1.1.1,2025-11-18T08:01:21.854790
http://9.t.imgbox.com,212.63.223.240,2025-11-18T08:01:21.854790
http://9.t.imgbox.com,212.63.223.239,2025-11-18T08:01:21.854790
http://a.xx1t.com,1.1.1.1,2025-11-18T08:01:22.186042
http://a.xx1t.com,213.174.156.43,2025-11-18T08:01:22.186042
http://a.xx1t.com,213.174.156.86,2025-11-18T08:01:22.186042
http://a.z5o.net,1.1.1.1,2025-11-18T08:01:22.831346
http://a.z5o.net,46.229.172.139,2025-11-18T08:01:22.831346
http://aboutporn.biz,1.1.1.1,2025-11-18T08:01:23.065679
http://aboutporn.biz,104.247.81.99,2025-11-18T08:01:23.065679
http://admin.teenrevenue.com,1.1.1.1,2025-11-18T08:01:24.082759
http://admin.teenrevenue.com,208.74.151.112,2025-11-18T08:01:24.082759
http://ads.juicyads.com,1.1.1.1,2025-11-18T08:01:24.167825
http://ads.juicyads.com,79.127.214.69,2025-11-18T08:01:24.167825
http://ads.juicyads.com,169.150.228.153,2025-11-18T08:01:24.167825
http://adultdreamhost.com,1.1.1.1,2025-11-18T08:01:24.521215
http://adultdreamhost.com,172.233.219.123,2025-11-18T08:01:24.521215
http://adultdreamhost.com,172.237.146.25,2025-11-18T08:01:24.521215
http://adultdreamhost.com,172.233.219.78,2025-11-18T08:01:24.521215
http://adultdreamhost.com,172.237.146.38,2025-11-18T08:01:24.521215
http://adultdreamhost.com,172.233.219.49,2025-11-18T08:01:24.521215
http://adultdreamhost.com,172.237.146.8,2025-11-18T08:01:24.521215
http://adultfriendfinder.com,1.1.1.1,2025-11-18T08:01:26.216966
http://adultfriendfinder.com,69.165.107.69,2025-11-18T08:01:26.216966
http://adultq.net,1.1.1.1,2025-11-18T08:01:26.479017
http://adultq.net,13.248.213.45,2025-11-18T08:01:26.479017
http://adultq.net,76.223.67.189,2025-11-18T08:01:26.479017
http://adultsex.ws,1.1.1.1,2025-11-18T08:01:28.807847
http://adultsex.ws,64.70.19.203,2025-11-18T08:01:28.807847
http://adultshare.com,1.1.1.1,2025-11-18T08:01:29.154826
http://adultshare.com,51.81.90.52,2025-11-18T08:01:29.154826
http://alex.cg-models.net,1.1.1.1,2025-11-18T08:01:29.618860
http://alex.cg-models.net,104.247.81.99,2025-11-18T08:01:29.618860
http://alexlesb.tumblr.com,1.1.1.1,2025-11-18T08:01:30.263959
http://alexlesb.tumblr.com,74.114.154.18,2025-11-18T08:01:30.263959
http://alexlesb.tumblr.com,74.114.154.22,2025-11-18T08:01:30.263959
http://alina.firstmo.com,1.1.1.1,2025-11-18T08:01:30.436530
http://alina.firstmo.com,76.223.54.146,2025-11-18T08:01:30.436530
http://alina.firstmo.com,13.248.169.48,2025-11-18T08:01:30.436530
http://alissa.cg-models.net,1.1.1.1,2025-11-18T08:01:30.927752
http://alissa.cg-models.net,104.247.81.99,2025-11-18T08:01:30.927752
http://alotporn.com,1.1.1.1,2025-11-18T08:01:32.579215
http://alotporn.com,172.67.201.83,2025-11-18T08:01:32.579215
http://alotporn.com,104.21.52.163,2025-11-18T08:01:32.579215
http://amateur.li,1.1.1.1,2025-11-18T08:01:33.378600
http://amateur.li,185.53.177.20,2025-11-18T08:01:33.378600
http://hqsexo.com,1.1.1.1,2025-11-18T08:01:33.620668
http://hqsexo.com,104.21.89.191,2025-11-18T08:01:33.620668
http://hqsexo.com,172.67.191.9,2025-11-18T08:01:33.620668
http://amateursexy.net,1.1.1.1,2025-11-18T08:01:33.823499
http://amateursexy.net,15.197.212.58,2025-11-18T08:01:33.823499
http://angelitamodel.com,1.1.1.1,2025-11-18T08:01:34.544278
http://angelitamodel.com,103.224.182.251,2025-11-18T08:01:34.544278
http://angelteenstube.com,1.1.1.1,2025-11-18T08:01:34.892647
http://angelteenstube.com,103.224.182.251,2025-11-18T08:01:34.892647
http://art-cool.info,1.1.1.1,2025-11-18T08:01:35.231278
http://art-cool.info,192.157.56.140,2025-11-18T08:01:35.231278
http://art-modeling.net,1.1.1.1,2025-11-18T08:01:35.651911
http://art-modeling.net,172.233.219.49,2025-11-18T08:01:35.651911
http://art-modeling.net,172.233.219.123,2025-11-18T08:01:35.651911
http://art-modeling.net,172.237.146.8,2025-11-18T08:01:35.651911
http://art-modeling.net,172.233.219.78,2025-11-18T08:01:35.651911
http://art-modeling.net,172.237.146.38,2025-11-18T08:01:35.651911
http://art-modeling.net,172.237.146.25,2025-11-18T08:01:35.651911
http://artxxxlove.com,1.1.1.1,2025-11-18T08:01:36.473235
http://artxxxlove.com,66.175.209.179,2025-11-18T08:01:36.473235
http://artxxxlove.com,96.126.111.165,2025-11-18T08:01:36.473235
http://asianpantypeeks.com,1.1.1.1,2025-11-18T08:01:36.879873
http://asianpantypeeks.com,199.59.243.228,2025-11-18T08:01:36.879873
http://ateengirls.com,1.1.1.1,2025-11-18T08:01:37.272323
http://ateengirls.com,172.237.146.8,2025-11-18T08:01:37.272323
http://ateengirls.com,172.237.146.38,2025-11-18T08:01:37.272323
http://ateengirls.com,172.237.146.25,2025-11-18T08:01:37.272323
http://ateengirls.com,172.233.219.49,2025-11-18T08:01:37.272323
http://ateengirls.com,172.233.219.78,2025-11-18T08:01:37.272323
http://ateengirls.com,172.233.219.123,2025-11-18T08:01:37.272323
http://b.xx1t.com,1.1.1.1,2025-11-18T08:01:37.907019
http://b.xx1t.com,213.174.156.86,2025-11-18T08:01:37.907019
http://b.xx1t.com,213.174.156.43,2025-11-18T08:01:37.907019
http://b.z5o.net,1.1.1.1,2025-11-18T08:01:38.629932
http://b.z5o.net,46.229.172.139,2025-11-18T08:01:38.629932
http://b7.us.imgsrc.ru,1.1.1.1,2025-11-18T08:01:38.841778
http://b7.us.imgsrc.ru,185.178.208.153,2025-11-18T08:01:38.841778
http://b8.us.icdn.ru,1.1.1.1,2025-11-18T08:01:39.854226
http://b8.us.icdn.ru,90.156.135.61,2025-11-18T08:01:39.854226
